{
"freq": 1.7135e+08,
"start_time": 1594314940,
"stop_time": 1594314946,
"emergency": 0,
"talkgroup": 13603,
"srcList": [  ],
"freqList": [ { "freq": 171350000.000000, "time": 1594314940, "pos": 0.000000, "len": 22720.000000, "error_count": 58.000000, "spike_count": 4.000000}]
}
